{
  "schedule": {
    "auto_run_times": [
      "02:00",
      "03:30",
      "05:00"
    ],
    "timezone": "Asia/Seoul",
    "retry_interval_hours": 6
  },
  "vpn": {
    "enabled": true,
    "provider": "expressvpn",
    "countries": [
      "japan",
      "singapore",
      "australia"
    ],
    "connect_command": "expressvpn connect {country}",
    "disconnect_command": "expressvpn disconnect",
    "status_command": "expressvpn status",
    "connect": "expressvpn connect {country}",
    "disconnect": "expressvpn disconnect",
    "status": "expressvpn status"
  },
  "crawlers": {
    "priority_order": [
      "stealth",
      "selenium",
      "mobile",
      "advanced"
    ],
    "max_retries_per_crawler": 2,
    "delay_between_crawlers": 300
  },
  "output": {
    "base_directory": "crawl_results",
    "filename_pattern": "{product_id}_{timestamp}_{crawler}.csv",
    "keep_logs_days": 30
  },
  "products": []
}